Firestore ID,Project Number,Current Name,Current Developer,Current Community,Correct Name,Correct Developer,Correct Community,Bayut Link,PF Link
-dld-2586,2586,"The World Project 2586","Nakheel","The World",,,,https://www.bayut.com/to-buy/property/dubai/?q=The%20World%20Project%202586,https://www.propertyfinder.ae/en/search?q=The%20World%20Project%202586
al-barari-villas-2218-dld-2218,2218,"Al Barari - Villas 2218","Dubai Properties","Al Barari",,,,https://www.bayut.com/to-buy/property/dubai/?q=Al%20Barari%20-%20Villas%202218,https://www.propertyfinder.ae/en/search?q=Al%20Barari%20-%20Villas%202218
al-furjan-residences-3114-dld-3114,3114,"Al Furjan - Residences 3114","Nakheel","Al Furjan",,,,https://www.bayut.com/to-buy/property/dubai/?q=Al%20Furjan%20-%20Residences%203114,https://www.propertyfinder.ae/en/search?q=Al%20Furjan%20-%20Residences%203114
al-furjan-residences-3621-dld-3621,3621,"Al Furjan - Residences 3621","Nakheel","Al Furjan",,,,https://www.bayut.com/to-buy/property/dubai/?q=Al%20Furjan%20-%20Residences%203621,https://www.propertyfinder.ae/en/search?q=Al%20Furjan%20-%20Residences%203621
arjan-project-2136-dld-2136,2136,"Arjan - Project 2136","Dubai Properties","Arjan",,,,https://www.bayut.com/to-buy/property/dubai/?q=Arjan%20-%20Project%202136,https://www.propertyfinder.ae/en/search?q=Arjan%20-%20Project%202136
arjan-project-3436-dld-3436,3436,"Arjan - Project 3436","Dubai Properties","Arjan",,,,https://www.bayut.com/to-buy/property/dubai/?q=Arjan%20-%20Project%203436,https://www.propertyfinder.ae/en/search?q=Arjan%20-%20Project%203436
barsha-heights-residences-2713-dld-2713,2713,"Barsha Heights - Residences 2713","Dubai Holdings (TECOM)","Barsha Heights",,,,https://www.bayut.com/to-buy/property/dubai/?q=Barsha%20Heights%20-%20Residences%202713,https://www.propertyfinder.ae/en/search?q=Barsha%20Heights%20-%20Residences%202713
discovery-gardens-tower-3556-dld-3556,3556,"Trussardi Residences 2","M I R A Developments L.L.C","Discovery Gardens",,,,https://www.bayut.com/to-buy/property/dubai/?q=Trussardi%20Residences%202,https://www.propertyfinder.ae/en/search?q=Trussardi%20Residences%202
dld-project-2105-dld-2105,2105,"DLD Project 2105","Majid Al Futtaim","Tilal Al Ghaf",,,,https://www.bayut.com/to-buy/property/dubai/?q=DLD%20Project%202105,https://www.propertyfinder.ae/en/search?q=DLD%20Project%202105
dld-project-2766-dld-2766,2766,"DLD Project 2766","Dubai Properties","Dubailand",,,,https://www.bayut.com/to-buy/property/dubai/?q=DLD%20Project%202766,https://www.propertyfinder.ae/en/search?q=DLD%20Project%202766
dld-project-3396-dld-3396,3396,"Peninsula Dubai Residences - Tower 1","Nakheel","Jumeirah",,,,https://www.bayut.com/to-buy/property/dubai/?q=Peninsula%20Dubai%20Residences%20-%20Tower%201,https://www.propertyfinder.ae/en/search?q=Peninsula%20Dubai%20Residences%20-%20Tower%201
dld-project-3398-dld-3398,3398,"DLD Project 3398","Dubai Properties","Jumeirah",,,,https://www.bayut.com/to-buy/property/dubai/?q=DLD%20Project%203398,https://www.propertyfinder.ae/en/search?q=DLD%20Project%203398
dld-project-3548-dld-3548,3548,"Peninsula Dubai Residences - Tower 2","Nakheel","Jumeirah",,,,https://www.bayut.com/to-buy/property/dubai/?q=Peninsula%20Dubai%20Residences%20-%20Tower%202,https://www.propertyfinder.ae/en/search?q=Peninsula%20Dubai%20Residences%20-%20Tower%202
dld-project-3672-dld-3672,3672,"South Park Residences 2 By Wellington","Wellington Elite Real Estate Development L.L.C","Emaar South",,,,https://www.bayut.com/to-buy/property/dubai/?q=South%20Park%20Residences%202%20By%20Wellington,https://www.propertyfinder.ae/en/search?q=South%20Park%20Residences%202%20By%20Wellington
dld-project-3877-dld-3877,3877,"DLD Project 3877","Dubai Properties","Ras Al Khor",,,,https://www.bayut.com/to-buy/property/dubai/?q=DLD%20Project%203877,https://www.propertyfinder.ae/en/search?q=DLD%20Project%203877
dld-project-4036-dld-4036,4036,"DLD Project 4036","Meydan","Ras Al Khor",,,,https://www.bayut.com/to-buy/property/dubai/?q=DLD%20Project%204036,https://www.propertyfinder.ae/en/search?q=DLD%20Project%204036
dld-project-4121-dld-4121,4121,"DLD Project 4121","Dubai Properties","Dubailand",,,,https://www.bayut.com/to-buy/property/dubai/?q=DLD%20Project%204121,https://www.propertyfinder.ae/en/search?q=DLD%20Project%204121
down-town-jabal-ali-project-4024-dld-4024,4024,"Down Town Jabal Ali - Project 4024","Nakheel","Down Town Jabal Ali",,,,https://www.bayut.com/to-buy/property/dubai/?q=Down%20Town%20Jabal%20Ali%20-%20Project%204024,https://www.propertyfinder.ae/en/search?q=Down%20Town%20Jabal%20Ali%20-%20Project%204024
down-town-jabal-ali-residences-2736-dld-2736,2736,"Down Town Jabal Ali - Residences 2736","Nakheel","Down Town Jabal Ali",,,,https://www.bayut.com/to-buy/property/dubai/?q=Down%20Town%20Jabal%20Ali%20-%20Residences%202736,https://www.propertyfinder.ae/en/search?q=Down%20Town%20Jabal%20Ali%20-%20Residences%202736
downtown-dubai-project-2983-dld-2983,2983,"DownTown Dubai - Project 2983","Emaar Properties","DownTown Dubai",,,,https://www.bayut.com/to-buy/property/dubai/?q=DownTown%20Dubai%20-%20Project%202983,https://www.propertyfinder.ae/en/search?q=DownTown%20Dubai%20-%20Project%202983
downtown-dubai-project-3176-dld-3176,3176,"DownTown Dubai - Project 3176","Emaar Properties","DownTown Dubai",,,,https://www.bayut.com/to-buy/property/dubai/?q=DownTown%20Dubai%20-%20Project%203176,https://www.propertyfinder.ae/en/search?q=DownTown%20Dubai%20-%20Project%203176
dubai-health-care-city-phase-1-residences-3325-dld-3325,3325,"Dubai Health Care City Phase 1 - Residences 3325","Dubai Properties","Dubai Health Care City Phase 1",,,,https://www.bayut.com/to-buy/property/dubai/?q=Dubai%20Health%20Care%20City%20Phase%201%20-%20Residences%203325,https://www.propertyfinder.ae/en/search?q=Dubai%20Health%20Care%20City%20Phase%201%20-%20Residences%203325
dubai-hills-estate-residences-2509-dld-2509,2509,"Dubai Hills Estate - Residences 2509","Emaar Properties","Dubai Hills Estate",,,,https://www.bayut.com/to-buy/property/dubai/?q=Dubai%20Hills%20Estate%20-%20Residences%202509,https://www.propertyfinder.ae/en/search?q=Dubai%20Hills%20Estate%20-%20Residences%202509
dubai-land-residence-complex-project-2903-dld-2903,2903,"Dubai Land Residence Complex - Project 2903","Dubai Properties","Dubai Land Residence Complex",,,,https://www.bayut.com/to-buy/property/dubai/?q=Dubai%20Land%20Residence%20Complex%20-%20Project%202903,https://www.propertyfinder.ae/en/search?q=Dubai%20Land%20Residence%20Complex%20-%20Project%202903
dubai-land-residence-complex-project-3727-dld-3727,3727,"Forest City Tower 2","Al Helal Al Zahaby Real Estate Development L.L.C","Dubai Land Residence Complex",,,,https://www.bayut.com/to-buy/property/dubai/?q=Forest%20City%20Tower%202,https://www.propertyfinder.ae/en/search?q=Forest%20City%20Tower%202
dubai-land-residence-complex-project-3856-dld-3856,3856,"Dubai Land Residence Complex - Project 3856","Dubai Properties","Dubai Land Residence Complex",,,,https://www.bayut.com/to-buy/property/dubai/?q=Dubai%20Land%20Residence%20Complex%20-%20Project%203856,https://www.propertyfinder.ae/en/search?q=Dubai%20Land%20Residence%20Complex%20-%20Project%203856
dubai-land-residence-complex-project-4078-dld-4078,4078,"Dubai Land Residence Complex - Project 4078","Dubai Properties","Dubai Land Residence Complex",,,,https://www.bayut.com/to-buy/property/dubai/?q=Dubai%20Land%20Residence%20Complex%20-%20Project%204078,https://www.propertyfinder.ae/en/search?q=Dubai%20Land%20Residence%20Complex%20-%20Project%204078
dubai-land-residence-complex-residences-3413-dld-3413,3413,"Dubai Land Residence Complex - Residences 3413","Dubai Properties","Dubai Land Residence Complex",,,,https://www.bayut.com/to-buy/property/dubai/?q=Dubai%20Land%20Residence%20Complex%20-%20Residences%203413,https://www.propertyfinder.ae/en/search?q=Dubai%20Land%20Residence%20Complex%20-%20Residences%203413
dubai-land-residence-complex-residences-3748-dld-3748,3748,"Dubai Land Residence Complex - Residences 3748","Dubai Properties","Dubai Land Residence Complex",,,,https://www.bayut.com/to-buy/property/dubai/?q=Dubai%20Land%20Residence%20Complex%20-%20Residences%203748,https://www.propertyfinder.ae/en/search?q=Dubai%20Land%20Residence%20Complex%20-%20Residences%203748
dubai-land-residence-complex-residences-4132-dld-4132,4132,"Dubai Land Residence Complex - Residences 4132","Dubai Properties","Dubai Land Residence Complex",,,,https://www.bayut.com/to-buy/property/dubai/?q=Dubai%20Land%20Residence%20Complex%20-%20Residences%204132,https://www.propertyfinder.ae/en/search?q=Dubai%20Land%20Residence%20Complex%20-%20Residences%204132
dubai-maritime-city-residences-3743-dld-3743,3743,"Chelsea Residences 2 By Damac","DAMAC Properties","Dubai Maritime City",,,,https://www.bayut.com/to-buy/property/dubai/?q=Chelsea%20Residences%202%20By%20Damac,https://www.propertyfinder.ae/en/search?q=Chelsea%20Residences%202%20By%20Damac
dubai-science-park-residences-4056-dld-4056,4056,"Dubai Science Park - Residences 4056","Nakheel","Dubai Science Park",,,,https://www.bayut.com/to-buy/property/dubai/?q=Dubai%20Science%20Park%20-%20Residences%204056,https://www.propertyfinder.ae/en/search?q=Dubai%20Science%20Park%20-%20Residences%204056
dubai-south-residential-district-project-3299-dld-3299,3299,"Dubai South Residential District - Project 3299","Emaar Properties","Dubai South Residential District",,,,https://www.bayut.com/to-buy/property/dubai/?q=Dubai%20South%20Residential%20District%20-%20Project%203299,https://www.propertyfinder.ae/en/search?q=Dubai%20South%20Residential%20District%20-%20Project%203299
dubai-south-residential-district-project-3733-dld-3733,3733,"Dubai South Residential District - Project 3733","Emaar Properties","Dubai South Residential District",,,,https://www.bayut.com/to-buy/property/dubai/?q=Dubai%20South%20Residential%20District%20-%20Project%203733,https://www.propertyfinder.ae/en/search?q=Dubai%20South%20Residential%20District%20-%20Project%203733
dubai-south-residential-district-project-3806-dld-3806,3806,"Dubai South Residential District - Project 3806","Emaar Properties","Dubai South Residential District",,,,https://www.bayut.com/to-buy/property/dubai/?q=Dubai%20South%20Residential%20District%20-%20Project%203806,https://www.propertyfinder.ae/en/search?q=Dubai%20South%20Residential%20District%20-%20Project%203806
dubai-south-residential-district-residences-3441-dld-3441,3441,"Dubai South Residential District - Residences 3441","Emaar Properties","Dubai South Residential District",,,,https://www.bayut.com/to-buy/property/dubai/?q=Dubai%20South%20Residential%20District%20-%20Residences%203441,https://www.propertyfinder.ae/en/search?q=Dubai%20South%20Residential%20District%20-%20Residences%203441
dubai-south-residential-district-residences-3670-dld-3670,3670,"Dubai South Residential District - Residences 3670","Emaar Properties","Dubai South Residential District",,,,https://www.bayut.com/to-buy/property/dubai/?q=Dubai%20South%20Residential%20District%20-%20Residences%203670,https://www.propertyfinder.ae/en/search?q=Dubai%20South%20Residential%20District%20-%20Residences%203670
dubai-south-residential-district-residences-3851-dld-3851,3851,"Dubai South Residential District - Residences 3851","Emaar Properties","Dubai South Residential District",,,,https://www.bayut.com/to-buy/property/dubai/?q=Dubai%20South%20Residential%20District%20-%20Residences%203851,https://www.propertyfinder.ae/en/search?q=Dubai%20South%20Residential%20District%20-%20Residences%203851
dubai-south-residential-district-residences-4027-dld-4027,4027,"Dubai South Residential District - Residences 4027","Emaar Properties","Dubai South Residential District",,,,https://www.bayut.com/to-buy/property/dubai/?q=Dubai%20South%20Residential%20District%20-%20Residences%204027,https://www.propertyfinder.ae/en/search?q=Dubai%20South%20Residential%20District%20-%20Residences%204027
dubai-south-residential-district-residences-4075-dld-4075,4075,"Dubai South Residential District - Residences 4075","Emaar Properties","Dubai South Residential District",,,,https://www.bayut.com/to-buy/property/dubai/?q=Dubai%20South%20Residential%20District%20-%20Residences%204075,https://www.propertyfinder.ae/en/search?q=Dubai%20South%20Residential%20District%20-%20Residences%204075
dubai-south-residential-district-residences-4087-dld-4087,4087,"Dubai South Residential District - Residences 4087","Emaar Properties","Dubai South Residential District",,,,https://www.bayut.com/to-buy/property/dubai/?q=Dubai%20South%20Residential%20District%20-%20Residences%204087,https://www.propertyfinder.ae/en/search?q=Dubai%20South%20Residential%20District%20-%20Residences%204087
dubai-sports-city-project-2828-dld-2828,2828,"Dubai Sports City - Project 2828","Dubai Sports City","Dubai Sports City",,,,https://www.bayut.com/to-buy/property/dubai/?q=Dubai%20Sports%20City%20-%20Project%202828,https://www.propertyfinder.ae/en/search?q=Dubai%20Sports%20City%20-%20Project%202828
dubai-sports-city-project-2908-dld-2908,2908,"Dubai Sports City - Project 2908","Dubai Sports City","Dubai Sports City",,,,https://www.bayut.com/to-buy/property/dubai/?q=Dubai%20Sports%20City%20-%20Project%202908,https://www.propertyfinder.ae/en/search?q=Dubai%20Sports%20City%20-%20Project%202908
dubai-sports-city-project-3853-dld-3853,3853,"Dubai Sports City - Project 3853","Dubai Sports City","Dubai Sports City",,,,https://www.bayut.com/to-buy/property/dubai/?q=Dubai%20Sports%20City%20-%20Project%203853,https://www.propertyfinder.ae/en/search?q=Dubai%20Sports%20City%20-%20Project%203853
dubai-sports-city-residences-2891-dld-2891,2891,"Dubai Sports City - Residences 2891","Dubai Sports City","Dubai Sports City",,,,https://www.bayut.com/to-buy/property/dubai/?q=Dubai%20Sports%20City%20-%20Residences%202891,https://www.propertyfinder.ae/en/search?q=Dubai%20Sports%20City%20-%20Residences%202891
dubai-water-canal-project-3273-dld-3273,3273,"Dubai Water Canal - Project 3273","Meydan","Dubai Water Canal",,,,https://www.bayut.com/to-buy/property/dubai/?q=Dubai%20Water%20Canal%20-%20Project%203273,https://www.propertyfinder.ae/en/search?q=Dubai%20Water%20Canal%20-%20Project%203273
dubai-world-central-residences-3523-dld-3523,3523,"Expo City Al Waha Residences 01","Expo City Al Waha Residences Development Fzco","Dubai World Central",,,,https://www.bayut.com/to-buy/property/dubai/?q=Expo%20City%20Al%20Waha%20Residences%2001,https://www.propertyfinder.ae/en/search?q=Expo%20City%20Al%20Waha%20Residences%2001
dubai-world-central-residences-3567-dld-3567,3567,"Expo City Al Waha Residences 02","Expo City Al Waha Residences Development Fzco","Dubai World Central",,,,https://www.bayut.com/to-buy/property/dubai/?q=Expo%20City%20Al%20Waha%20Residences%2002,https://www.propertyfinder.ae/en/search?q=Expo%20City%20Al%20Waha%20Residences%2002
dubai-world-central-villas-2604-dld-2604,2604,"Fairway Villas 2","Emaar Properties","Dubai World Central",,,,https://www.bayut.com/to-buy/property/dubai/?q=Fairway%20Villas%202,https://www.propertyfinder.ae/en/search?q=Fairway%20Villas%202
dubai-world-central-villas-2963-dld-2963,2963,"Fairway Villas 3","Emaar Properties","Dubai World Central",,,,https://www.bayut.com/to-buy/property/dubai/?q=Fairway%20Villas%203,https://www.propertyfinder.ae/en/search?q=Fairway%20Villas%203
dubai-world-central-villas-3044-dld-3044,3044,"Dubai World Central - Villas 3044","Emaar Properties","Dubai World Central",,,,https://www.bayut.com/to-buy/property/dubai/?q=Dubai%20World%20Central%20-%20Villas%203044,https://www.propertyfinder.ae/en/search?q=Dubai%20World%20Central%20-%20Villas%203044
e1yX8FZ9TTdPasdhc27n,4440,"Celesto Tower 2","Tarrad Real Estate Development L.L.C","Wadi Al Safa 5",,,,https://www.bayut.com/to-buy/property/dubai/?q=Celesto%20Tower%202,https://www.propertyfinder.ae/en/search?q=Celesto%20Tower%202
international-city-phase-3-project-3423-dld-3423,3423,"International City Phase 3 - Project 3423","Nakheel","International City Phase 3",,,,https://www.bayut.com/to-buy/property/dubai/?q=International%20City%20Phase%203%20-%20Project%203423,https://www.propertyfinder.ae/en/search?q=International%20City%20Phase%203%20-%20Project%203423
international-city-phase-3-project-3861-dld-3861,3861,"International City Phase 3 - Project 3861","Dubai Properties","International City Phase 3",,,,https://www.bayut.com/to-buy/property/dubai/?q=International%20City%20Phase%203%20-%20Project%203861,https://www.propertyfinder.ae/en/search?q=International%20City%20Phase%203%20-%20Project%203861
international-city-phase-3-residences-3280-dld-3280,3280,"Moonsa Residences 2","Dugasta","International City Phase 3",,,,https://www.bayut.com/to-buy/property/dubai/?q=Moonsa%20Residences%202,https://www.propertyfinder.ae/en/search?q=Moonsa%20Residences%202
international-city-phase-3-residences-3692-dld-3692,3692,"International City Phase 3 - Residences 3692","Nakheel","International City Phase 3",,,,https://www.bayut.com/to-buy/property/dubai/?q=International%20City%20Phase%203%20-%20Residences%203692,https://www.propertyfinder.ae/en/search?q=International%20City%20Phase%203%20-%20Residences%203692
international-city-phase-3-residences-3746-dld-3746,3746,"International City Phase 3 - Residences 3746","Nakheel","International City Phase 3",,,,https://www.bayut.com/to-buy/property/dubai/?q=International%20City%20Phase%203%20-%20Residences%203746,https://www.propertyfinder.ae/en/search?q=International%20City%20Phase%203%20-%20Residences%203746
international-city-phase-3-residences-3841-dld-3841,3841,"International City Phase 3 - Residences 3841","Dubai Properties","International City Phase 3",,,,https://www.bayut.com/to-buy/property/dubai/?q=International%20City%20Phase%203%20-%20Residences%203841,https://www.propertyfinder.ae/en/search?q=International%20City%20Phase%203%20-%20Residences%203841
international-city-phase-3-residences-3883-dld-3883,3883,"International City Phase 3 - Residences 3883","Dubai Properties","International City Phase 3",,,,https://www.bayut.com/to-buy/property/dubai/?q=International%20City%20Phase%203%20-%20Residences%203883,https://www.propertyfinder.ae/en/search?q=International%20City%20Phase%203%20-%20Residences%203883
international-media-production-zone-project-3429-dld-3429,3429,"International Media Production Zone - Project 3429","Dubai Holdings (TECOM)","International Media Production Zone",,,,https://www.bayut.com/to-buy/property/dubai/?q=International%20Media%20Production%20Zone%20-%20Project%203429,https://www.propertyfinder.ae/en/search?q=International%20Media%20Production%20Zone%20-%20Project%203429
jabel-ali-hills-project-3865-dld-3865,3865,"JABEL ALI HILLS - Project 3865","Dubai Properties","JABEL ALI HILLS",,,,https://www.bayut.com/to-buy/property/dubai/?q=JABEL%20ALI%20HILLS%20-%20Project%203865,https://www.propertyfinder.ae/en/search?q=JABEL%20ALI%20HILLS%20-%20Project%203865
jumeirah-garden-city-project-3168-dld-3168,3168,"Jumeirah Garden City - Project 3168","Dubai Properties","Jumeirah Garden City",,,,https://www.bayut.com/to-buy/property/dubai/?q=Jumeirah%20Garden%20City%20-%20Project%203168,https://www.propertyfinder.ae/en/search?q=Jumeirah%20Garden%20City%20-%20Project%203168
jumeirah-garden-city-project-3854-dld-3854,3854,"Jumeirah Garden City - Project 3854","Dubai Properties","Jumeirah Garden City",,,,https://www.bayut.com/to-buy/property/dubai/?q=Jumeirah%20Garden%20City%20-%20Project%203854,https://www.propertyfinder.ae/en/search?q=Jumeirah%20Garden%20City%20-%20Project%203854
jumeirah-garden-city-residences-3497-dld-3497,3497,"Jumeirah Garden City - Residences 3497","Dubai Properties","Jumeirah Garden City",,,,https://www.bayut.com/to-buy/property/dubai/?q=Jumeirah%20Garden%20City%20-%20Residences%203497,https://www.propertyfinder.ae/en/search?q=Jumeirah%20Garden%20City%20-%20Residences%203497
jumeirah-golf-estates-villas-2601-dld-2601,2601,"Jumeirah Golf Estates - Villas 2601","Dubai Holdings (TECOM)","Jumeirah Golf Estates",,,,https://www.bayut.com/to-buy/property/dubai/?q=Jumeirah%20Golf%20Estates%20-%20Villas%202601,https://www.propertyfinder.ae/en/search?q=Jumeirah%20Golf%20Estates%20-%20Villas%202601
jumeirah-islands-tower-4116-dld-4116,4116,"Jumeirah Islands - Tower 4116","Ellington Properties","Jumeirah Islands",,,,https://www.bayut.com/to-buy/property/dubai/?q=Jumeirah%20Islands%20-%20Tower%204116,https://www.propertyfinder.ae/en/search?q=Jumeirah%20Islands%20-%20Tower%204116
jumeirah-park-project-3296-dld-3296,3296,"Jumeirah Park - Project 3296","Nakheel","Jumeirah Park",,,,https://www.bayut.com/to-buy/property/dubai/?q=Jumeirah%20Park%20-%20Project%203296,https://www.propertyfinder.ae/en/search?q=Jumeirah%20Park%20-%20Project%203296
jumeirah-village-circle-project-2937-dld-2937,2937,"Jumeirah Village Circle - Project 2937","Nakheel","Jumeirah Village Circle",,,,https://www.bayut.com/to-buy/property/dubai/?q=Jumeirah%20Village%20Circle%20-%20Project%202937,https://www.propertyfinder.ae/en/search?q=Jumeirah%20Village%20Circle%20-%20Project%202937
jumeirah-village-circle-project-3765-dld-3765,3765,"Jumeirah Village Circle - Project 3765","Nakheel","Jumeirah Village Circle",,,,https://www.bayut.com/to-buy/property/dubai/?q=Jumeirah%20Village%20Circle%20-%20Project%203765,https://www.propertyfinder.ae/en/search?q=Jumeirah%20Village%20Circle%20-%20Project%203765
jumeirah-village-circle-project-3813-dld-3813,3813,"Jumeirah Village Circle - Project 3813","Nakheel","Jumeirah Village Circle",,,,https://www.bayut.com/to-buy/property/dubai/?q=Jumeirah%20Village%20Circle%20-%20Project%203813,https://www.propertyfinder.ae/en/search?q=Jumeirah%20Village%20Circle%20-%20Project%203813
jumeirah-village-circle-residences-2663-dld-2663,2663,"Stonehenge Residences 2","Segrex Development L L C","Jumeirah Village Circle",,,,https://www.bayut.com/to-buy/property/dubai/?q=Stonehenge%20Residences%202,https://www.propertyfinder.ae/en/search?q=Stonehenge%20Residences%202
jumeirah-village-circle-residences-3103-dld-3103,3103,"Jumeirah Village Circle - Residences 3103","Nakheel","Jumeirah Village Circle",,,,https://www.bayut.com/to-buy/property/dubai/?q=Jumeirah%20Village%20Circle%20-%20Residences%203103,https://www.propertyfinder.ae/en/search?q=Jumeirah%20Village%20Circle%20-%20Residences%203103
jumeirah-village-circle-residences-3201-dld-3201,3201,"Jumeirah Village Circle - Residences 3201","Nakheel","Jumeirah Village Circle",,,,https://www.bayut.com/to-buy/property/dubai/?q=Jumeirah%20Village%20Circle%20-%20Residences%203201,https://www.propertyfinder.ae/en/search?q=Jumeirah%20Village%20Circle%20-%20Residences%203201
jumeirah-village-circle-residences-3333-dld-3333,3333,"Jumeirah Village Circle - Residences 3333","Nakheel","Jumeirah Village Circle",,,,https://www.bayut.com/to-buy/property/dubai/?q=Jumeirah%20Village%20Circle%20-%20Residences%203333,https://www.propertyfinder.ae/en/search?q=Jumeirah%20Village%20Circle%20-%20Residences%203333
jumeirah-village-circle-residences-3345-dld-3345,3345,"Jumeirah Village Circle - Residences 3345","Nakheel","Jumeirah Village Circle",,,,https://www.bayut.com/to-buy/property/dubai/?q=Jumeirah%20Village%20Circle%20-%20Residences%203345,https://www.propertyfinder.ae/en/search?q=Jumeirah%20Village%20Circle%20-%20Residences%203345
jumeirah-village-circle-residences-3369-dld-3369,3369,"Jumeirah Village Circle - Residences 3369","Nakheel","Jumeirah Village Circle",,,,https://www.bayut.com/to-buy/property/dubai/?q=Jumeirah%20Village%20Circle%20-%20Residences%203369,https://www.propertyfinder.ae/en/search?q=Jumeirah%20Village%20Circle%20-%20Residences%203369
jumeirah-village-circle-residences-4039-dld-4039,4039,"Jumeirah Village Circle - Residences 4039","Nakheel","Jumeirah Village Circle",,,,https://www.bayut.com/to-buy/property/dubai/?q=Jumeirah%20Village%20Circle%20-%20Residences%204039,https://www.propertyfinder.ae/en/search?q=Jumeirah%20Village%20Circle%20-%20Residences%204039
jumeirah-village-circle-residences-647-dld-647,647,"Jumeirah Village Circle - Residences 647","Nakheel","Jumeirah Village Circle",,,,https://www.bayut.com/to-buy/property/dubai/?q=Jumeirah%20Village%20Circle%20-%20Residences%20647,https://www.propertyfinder.ae/en/search?q=Jumeirah%20Village%20Circle%20-%20Residences%20647
jumeirah-village-circle-villas-2649-dld-2649,2649,"Jumeirah Village Circle - Villas 2649","Nakheel","Jumeirah Village Circle",,,,https://www.bayut.com/to-buy/property/dubai/?q=Jumeirah%20Village%20Circle%20-%20Villas%202649,https://www.propertyfinder.ae/en/search?q=Jumeirah%20Village%20Circle%20-%20Villas%202649
jumeirah-village-circle-villas-2709-dld-2709,2709,"Jumeirah Village Circle - Villas 2709","Nakheel","Jumeirah Village Circle",,,,https://www.bayut.com/to-buy/property/dubai/?q=Jumeirah%20Village%20Circle%20-%20Villas%202709,https://www.propertyfinder.ae/en/search?q=Jumeirah%20Village%20Circle%20-%20Villas%202709
jumeirah-village-circle-villas-982-dld-982,982,"German Supreme Tower 2","Pyamod International","Jumeirah Village Circle",,,,https://www.bayut.com/to-buy/property/dubai/?q=German%20Supreme%20Tower%202,https://www.propertyfinder.ae/en/search?q=German%20Supreme%20Tower%202
jumeirah-village-triangle-project-1952-dld-1952,1952,"Jumeirah Village Triangle - Project 1952","Nakheel","Jumeirah Village Triangle",,,,https://www.bayut.com/to-buy/property/dubai/?q=Jumeirah%20Village%20Triangle%20-%20Project%201952,https://www.propertyfinder.ae/en/search?q=Jumeirah%20Village%20Triangle%20-%20Project%201952
jumeirah-village-triangle-project-4099-dld-4099,4099,"Jumeirah Village Triangle - Project 4099","Nakheel","Jumeirah Village Triangle",,,,https://www.bayut.com/to-buy/property/dubai/?q=Jumeirah%20Village%20Triangle%20-%20Project%204099,https://www.propertyfinder.ae/en/search?q=Jumeirah%20Village%20Triangle%20-%20Project%204099
jumeirah-village-triangle-residences-289-dld-289,289,"Jumeirah Village Triangle - Residences 289","Nakheel","Jumeirah Village Triangle",,,,https://www.bayut.com/to-buy/property/dubai/?q=Jumeirah%20Village%20Triangle%20-%20Residences%20289,https://www.propertyfinder.ae/en/search?q=Jumeirah%20Village%20Triangle%20-%20Residences%20289
jumeirah-village-triangle-residences-3183-dld-3183,3183,"Luminar Tower 1","Object One","Jumeirah Village Triangle",,,,https://www.bayut.com/to-buy/property/dubai/?q=Luminar%20Tower%201,https://www.propertyfinder.ae/en/search?q=Luminar%20Tower%201
jumeirah-village-triangle-residences-3298-dld-3298,3298,"Luminar Tower 2","Object One","Jumeirah Village Triangle",,,,https://www.bayut.com/to-buy/property/dubai/?q=Luminar%20Tower%202,https://www.propertyfinder.ae/en/search?q=Luminar%20Tower%202
jumeirah-village-triangle-residences-3443-dld-3443,3443,"Luminar Tower 3","Object One","Jumeirah Village Triangle",,,,https://www.bayut.com/to-buy/property/dubai/?q=Luminar%20Tower%203,https://www.propertyfinder.ae/en/search?q=Luminar%20Tower%203
liwan1-project-1455-dld-1455,1455,"Liwan1 - Project 1455","Dubai Properties","Liwan1",,,,https://www.bayut.com/to-buy/property/dubai/?q=Liwan1%20-%20Project%201455,https://www.propertyfinder.ae/en/search?q=Liwan1%20-%20Project%201455
liwan1-residences-3679-dld-3679,3679,"Liwan1 - Residences 3679","Dubai Properties","Liwan1",,,,https://www.bayut.com/to-buy/property/dubai/?q=Liwan1%20-%20Residences%203679,https://www.propertyfinder.ae/en/search?q=Liwan1%20-%20Residences%203679
liwan1-residences-3752-dld-3752,3752,"Liwan1 - Residences 3752","Dubai Properties","Liwan1",,,,https://www.bayut.com/to-buy/property/dubai/?q=Liwan1%20-%20Residences%203752,https://www.propertyfinder.ae/en/search?q=Liwan1%20-%20Residences%203752
liwan1-residences-4049-dld-4049,4049,"Liwan1 - Residences 4049","Dubai Properties","Liwan1",,,,https://www.bayut.com/to-buy/property/dubai/?q=Liwan1%20-%20Residences%204049,https://www.propertyfinder.ae/en/search?q=Liwan1%20-%20Residences%204049
liwan2-project-3267-dld-3267,3267,"Liwan2 - Project 3267","Dubai Properties","Liwan2",,,,https://www.bayut.com/to-buy/property/dubai/?q=Liwan2%20-%20Project%203267,https://www.propertyfinder.ae/en/search?q=Liwan2%20-%20Project%203267
liwan2-residences-3091-dld-3091,3091,"Liwan2 - Residences 3091","Dubai Properties","Liwan2",,,,https://www.bayut.com/to-buy/property/dubai/?q=Liwan2%20-%20Residences%203091,https://www.propertyfinder.ae/en/search?q=Liwan2%20-%20Residences%203091
majan-project-3742-dld-3742,3742,"Majan - Project 3742","Dubai Properties","Majan",,,,https://www.bayut.com/to-buy/property/dubai/?q=Majan%20-%20Project%203742,https://www.propertyfinder.ae/en/search?q=Majan%20-%20Project%203742
majan-project-3863-dld-3863,3863,"Majan - Project 3863","Dubai Properties","Majan",,,,https://www.bayut.com/to-buy/property/dubai/?q=Majan%20-%20Project%203863,https://www.propertyfinder.ae/en/search?q=Majan%20-%20Project%203863
majan-residences-3574-dld-3574,3574,"Majan - Residences 3574","Dubai Properties","Majan",,,,https://www.bayut.com/to-buy/property/dubai/?q=Majan%20-%20Residences%203574,https://www.propertyfinder.ae/en/search?q=Majan%20-%20Residences%203574
majan-residences-3625-dld-3625,3625,"Majan - Residences 3625","Dubai Properties","Majan",,,,https://www.bayut.com/to-buy/property/dubai/?q=Majan%20-%20Residences%203625,https://www.propertyfinder.ae/en/search?q=Majan%20-%20Residences%203625
majan-residences-3840-dld-3840,3840,"Majan - Residences 3840","Dubai Properties","Majan",,,,https://www.bayut.com/to-buy/property/dubai/?q=Majan%20-%20Residences%203840,https://www.propertyfinder.ae/en/search?q=Majan%20-%20Residences%203840
meydan-one-community-project-3740-dld-3740,3740,"Meydan One Community - Project 3740","Meydan","Meydan One Community",,,,https://www.bayut.com/to-buy/property/dubai/?q=Meydan%20One%20Community%20-%20Project%203740,https://www.propertyfinder.ae/en/search?q=Meydan%20One%20Community%20-%20Project%203740
meydan-one-community-residences-3617-dld-3617,3617,"Meydan One Community - Residences 3617","Meydan","Meydan One Community",,,,https://www.bayut.com/to-buy/property/dubai/?q=Meydan%20One%20Community%20-%20Residences%203617,https://www.propertyfinder.ae/en/search?q=Meydan%20One%20Community%20-%20Residences%203617
meydan-racecourse-community-project-2964-dld-2964,2964,"Meydan Racecourse Community - Project 2964","Meydan","Meydan Racecourse Community",,,,https://www.bayut.com/to-buy/property/dubai/?q=Meydan%20Racecourse%20Community%20-%20Project%202964,https://www.propertyfinder.ae/en/search?q=Meydan%20Racecourse%20Community%20-%20Project%202964
mohammed-bin-rashid-al-maktoum-city-district-1-community-vil-dld-3532,3532,"Mohammed Bin Rashid AL Maktoum City -District -1 Community - Villas 3532","Meydan","Mohammed Bin Rashid AL Maktoum City -District -1 Community",,,,https://www.bayut.com/to-buy/property/dubai/?q=Mohammed%20Bin%20Rashid%20AL%20Maktoum%20City%20-District%20-1%20Community%20-%20Villas%203532,https://www.propertyfinder.ae/en/search?q=Mohammed%20Bin%20Rashid%20AL%20Maktoum%20City%20-District%20-1%20Community%20-%20Villas%203532
mohammed-bin-rashid-al-maktoum-district-11-project-3652-dld-3652,3652,"Mohammed Bin Rashid AL Maktoum District 11 - Project 3652","Meydan","Mohammed Bin Rashid AL Maktoum District 11",,,,https://www.bayut.com/to-buy/property/dubai/?q=Mohammed%20Bin%20Rashid%20AL%20Maktoum%20District%2011%20-%20Project%203652,https://www.propertyfinder.ae/en/search?q=Mohammed%20Bin%20Rashid%20AL%20Maktoum%20District%2011%20-%20Project%203652
mohammed-bin-rashid-al-maktoum-district-11-project-3884-dld-3884,3884,"Mohammed Bin Rashid AL Maktoum District 11 - Project 3884","Meydan","Mohammed Bin Rashid AL Maktoum District 11",,,,https://www.bayut.com/to-buy/property/dubai/?q=Mohammed%20Bin%20Rashid%20AL%20Maktoum%20District%2011%20-%20Project%203884,https://www.propertyfinder.ae/en/search?q=Mohammed%20Bin%20Rashid%20AL%20Maktoum%20District%2011%20-%20Project%203884
mohammed-bin-rashid-al-maktoum-district-11-residences-3368-dld-3368,3368,"Mohammed Bin Rashid AL Maktoum District 11 - Residences 3368","Nakheel","Mohammed Bin Rashid AL Maktoum District 11",,,,https://www.bayut.com/to-buy/property/dubai/?q=Mohammed%20Bin%20Rashid%20AL%20Maktoum%20District%2011%20-%20Residences%203368,https://www.propertyfinder.ae/en/search?q=Mohammed%20Bin%20Rashid%20AL%20Maktoum%20District%2011%20-%20Residences%203368
mohammed-bin-rashid-al-maktoum-district-11-residences-3569-dld-3569,3569,"Mohammed Bin Rashid AL Maktoum District 11 - Residences 3569","Meydan","Mohammed Bin Rashid AL Maktoum District 11",,,,https://www.bayut.com/to-buy/property/dubai/?q=Mohammed%20Bin%20Rashid%20AL%20Maktoum%20District%2011%20-%20Residences%203569,https://www.propertyfinder.ae/en/search?q=Mohammed%20Bin%20Rashid%20AL%20Maktoum%20District%2011%20-%20Residences%203569
motor-city-project-2319-dld-2319,2319,"Motor City - Project 2319","Union Properties","Motor City",,,,https://www.bayut.com/to-buy/property/dubai/?q=Motor%20City%20-%20Project%202319,https://www.propertyfinder.ae/en/search?q=Motor%20City%20-%20Project%202319
nad-al-sheba-gardens-project-2906-dld-2906,2906,"Nad Al Sheba Gardens - Project 2906","Sobha Realty","Nad Al Sheba Gardens",,,,https://www.bayut.com/to-buy/property/dubai/?q=Nad%20Al%20Sheba%20Gardens%20-%20Project%202906,https://www.propertyfinder.ae/en/search?q=Nad%20Al%20Sheba%20Gardens%20-%20Project%202906
palm-deira-project-3247-dld-3247,3247,"Palm Deira - Project 3247","Nakheel","Palm Deira",,,,https://www.bayut.com/to-buy/property/dubai/?q=Palm%20Deira%20-%20Project%203247,https://www.propertyfinder.ae/en/search?q=Palm%20Deira%20-%20Project%203247
palm-deira-project-3470-dld-3470,3470,"Palm Deira - Project 3470","Nakheel","Palm Deira",,,,https://www.bayut.com/to-buy/property/dubai/?q=Palm%20Deira%20-%20Project%203470,https://www.propertyfinder.ae/en/search?q=Palm%20Deira%20-%20Project%203470
palm-deira-project-3471-dld-3471,3471,"Palm Deira - Project 3471","Nakheel","Palm Deira",,,,https://www.bayut.com/to-buy/property/dubai/?q=Palm%20Deira%20-%20Project%203471,https://www.propertyfinder.ae/en/search?q=Palm%20Deira%20-%20Project%203471
palm-deira-residences-3011-dld-3011,3011,"Edgewater Residences 2","M G S Development L.L.C","Palm Deira",,,,https://www.bayut.com/to-buy/property/dubai/?q=Edgewater%20Residences%202,https://www.propertyfinder.ae/en/search?q=Edgewater%20Residences%202
palm-deira-residences-3162-dld-3162,3162,"Beach Walk Residences 1","Imtiaz","Palm Deira",,,,https://www.bayut.com/to-buy/property/dubai/?q=Beach%20Walk%20Residences%201,https://www.propertyfinder.ae/en/search?q=Beach%20Walk%20Residences%201
palm-deira-residences-3177-dld-3177,3177,"Edgewater Residences 3","M G S Development L.L.C","Palm Deira",,,,https://www.bayut.com/to-buy/property/dubai/?q=Edgewater%20Residences%203,https://www.propertyfinder.ae/en/search?q=Edgewater%20Residences%203
palm-deira-residences-3224-dld-3224,3224,"Beach Walk Residences 2","Imtiaz","Palm Deira",,,,https://www.bayut.com/to-buy/property/dubai/?q=Beach%20Walk%20Residences%202,https://www.propertyfinder.ae/en/search?q=Beach%20Walk%20Residences%202
palm-deira-residences-3285-dld-3285,3285,"Beach Walk Residences 3 By Imtiaz","Imtiaz","Palm Deira",,,,https://www.bayut.com/to-buy/property/dubai/?q=Beach%20Walk%20Residences%203%20By%20Imtiaz,https://www.propertyfinder.ae/en/search?q=Beach%20Walk%20Residences%203%20By%20Imtiaz
palm-deira-residences-3707-dld-3707,3707,"Beach Walk Residences 4 By Imtiaz","Imtiaz","Palm Deira",,,,https://www.bayut.com/to-buy/property/dubai/?q=Beach%20Walk%20Residences%204%20By%20Imtiaz,https://www.propertyfinder.ae/en/search?q=Beach%20Walk%20Residences%204%20By%20Imtiaz
palm-deira-residences-3756-dld-3756,3756,"Agua Residences By Citi Developers - Tower 2","Citi Developers Real Estate Development L.L.C","Palm Deira",,,,https://www.bayut.com/to-buy/property/dubai/?q=Agua%20Residences%20By%20Citi%20Developers%20-%20Tower%202,https://www.propertyfinder.ae/en/search?q=Agua%20Residences%20By%20Citi%20Developers%20-%20Tower%202
palm-deira-residences-3872-dld-3872,3872,"Agua Residences By Citi Developers - Tower 1","Citi Developers Real Estate Development L.L.C","Palm Deira",,,,https://www.bayut.com/to-buy/property/dubai/?q=Agua%20Residences%20By%20Citi%20Developers%20-%20Tower%201,https://www.propertyfinder.ae/en/search?q=Agua%20Residences%20By%20Citi%20Developers%20-%20Tower%201
palm-jumeirah-project-2569-dld-2569,2569,"Palm Jumeirah - Project 2569","Nakheel","Palm Jumeirah",,,,https://www.bayut.com/to-buy/property/dubai/?q=Palm%20Jumeirah%20-%20Project%202569,https://www.propertyfinder.ae/en/search?q=Palm%20Jumeirah%20-%20Project%202569
palm-jumeirah-residences-4043-dld-4043,4043,"Palm Jumeirah - Residences 4043","Nakheel","Palm Jumeirah",,,,https://www.bayut.com/to-buy/property/dubai/?q=Palm%20Jumeirah%20-%20Residences%204043,https://www.propertyfinder.ae/en/search?q=Palm%20Jumeirah%20-%20Residences%204043
the-world-project-4041-dld-4041,4041,"The World - Project 4041","Nakheel","The World",,,,https://www.bayut.com/to-buy/property/dubai/?q=The%20World%20-%20Project%204041,https://www.propertyfinder.ae/en/search?q=The%20World%20-%20Project%204041
warsan-first-development-project-3231-dld-3231,3231,"WARSAN FIRST DEVELOPMENT - Project 3231","Dubai Properties","WARSAN FIRST DEVELOPMENT",,,,https://www.bayut.com/to-buy/property/dubai/?q=WARSAN%20FIRST%20DEVELOPMENT%20-%20Project%203231,https://www.propertyfinder.ae/en/search?q=WARSAN%20FIRST%20DEVELOPMENT%20-%20Project%203231
wasl-gate-residences-2808-dld-2808,2808,"Hillside Residences 1","JAG Development","Wasl Gate",,,,https://www.bayut.com/to-buy/property/dubai/?q=Hillside%20Residences%201,https://www.propertyfinder.ae/en/search?q=Hillside%20Residences%201
wasl-gate-residences-2809-dld-2809,2809,"Hillside Residences 2","JAG Development","Wasl Gate",,,,https://www.bayut.com/to-buy/property/dubai/?q=Hillside%20Residences%202,https://www.propertyfinder.ae/en/search?q=Hillside%20Residences%202
wasl-gate-residences-2810-dld-2810,2810,"Hillside Residences 3","JAG Development","Wasl Gate",,,,https://www.bayut.com/to-buy/property/dubai/?q=Hillside%20Residences%203,https://www.propertyfinder.ae/en/search?q=Hillside%20Residences%203
